<?xml version="1.0" encoding="UTF-8"?>
<project xmlns="http://maven.apache.org/POM/4.0.0" xmlns:xsi="http://www.w3.org/2001/XMLSchema-instance" xsi:schemaLocation="http://maven.apache.org/POM/4.0.0 http://maven.apache.org/maven-v4_0_0.xsd">
  <modelVersion>4.0.0</modelVersion>
  <groupId>com.yash.training.aws</groupId>
  <artifactId>AWSTraining</artifactId>
  <version>1.0</version>
  <build>
    <plugins>
      <plugin>
        <artifactId>maven-shade-plugin</artifactId>
        <version>3.0.0</version>
        <executions>
          <execution>
            <phase>package</phase>
            <goals>
              <goal>shade</goal>
            </goals>
            <configuration>
              <artifactSet>
                <excludes>
                  <exclude>com.amazonaws:aws-lambda-java-events</exclude>
                  <exclude>com.amazonaws:aws-lambda-java-core</exclude>
                </excludes>
              </artifactSet>
            </configuration>
          </execution>
        </executions>
      </plugin>
      <plugin>
        <artifactId>maven-compiler-plugin</artifactId>
        <version>3.3</version>
        <configuration>
          <source>1.8</source>
          <target>1.8</target>
        </configuration>
      </plugin>
    </plugins>
  </build>
  <repositories>
    <repository>
      <id>artifactory-isg-release</id>
      <url>https://repository.deere.com/artifactory/isg-release</url>
    </repository>
  </repositories>
  <pluginRepositories>
    <pluginRepository>
      <id>artifactory-isg-release</id>
      <url>https://repository.deere.com/artifactory/isg-release</url>
    </pluginRepository>
  </pluginRepositories>
  <distributionManagement>
    <repository>
      <id>artifactory-isg-release</id>
      <url>https://repository.deere.com/artifactory/isg-release</url>
    </repository>
    <snapshotRepository>
      <id>artifactory-isg-snapshots</id>
      <url>https://repository.deere.com/artifactory/isg-snapshot</url>
    </snapshotRepository>
  </distributionManagement>
  <properties>
    <aws-java-sdk.version>1.11.435</aws-java-sdk.version>
  </properties>
</project>

